{"count":1,"self":24.904828799999997,"total":38.58457,"children":{"InitializeActuators":{"count":10,"self":0.00096099999999999994,"total":0.00096099999999999994,"children":null},"InitializeSensors":{"count":10,"self":0.001493,"total":0.001493,"children":null},"AgentSendState":{"count":6953,"self":1.7199579999999999,"total":1.881897,"children":{"CollectObservations":{"count":13910,"self":0.008675,"total":0.008675,"children":null},"WriteActionMask":{"count":13910,"self":0.0063339999999999994,"total":0.0063339999999999994,"children":null},"RequestDecision":{"count":13910,"self":0.029752999999999998,"total":0.14693,"children":{"AgentInfo.ToProto":{"count":13910,"self":0.02564,"total":0.11717699999999999,"children":{"GenerateSensorData":{"count":13910,"self":0.083038,"total":0.091537,"children":{"RayPerceptionSensor.Perceive":{"count":13910,"self":0.008499,"total":0.008499,"children":null}}}}}}}}},"DecideAction":{"count":6953,"self":11.709144,"total":11.709144,"children":null},"AgentAct":{"count":6953,"self":0.083218,"total":0.083218,"children":null},"AgentInfo.ToProto":{"count":151,"self":0.000531,"total":0.002322,"children":{"GenerateSensorData":{"count":151,"self":0.0015509999999999999,"total":0.0017909999999999998,"children":{"RayPerceptionSensor.Perceive":{"count":151,"self":0.00023999999999999998,"total":0.00023999999999999998,"children":null}}}}}},"gauges":{"DinoGame.CumulativeReward":{"count":151,"max":-1.53459156,"min":-3.45226359,"runningAverage":-2.44340277,"value":-2.31924725,"weightedAverage":-2.240693}},"metadata":{"timer_format_version":"0.1.0","start_time_seconds":"1668576595","unity_version":"2021.3.12f1","command_line_arguments":"\/Applications\/Unity\/Hub\/Editor\/2021.3.12f1\/Unity.app\/Contents\/MacOS\/Unity -projectpath \/Users\/berni\/Repos\/dinosaur-game-ml-agents -useHub -hubIPC -cloudEnvironment production -licensingIpc LicenseClient-berni -hubSessionId 098a5bf0-64a4-11ed-a58c-1f4d8bff1f5e -accessToken _DLCzcBFbIrTwt5g640fjSZQmp7bHGbd-r_eaiGe590002f","communication_protocol_version":"1.5.0","com.unity.ml-agents_version":"2.0.1","scene_name":"Training","end_time_seconds":"1668576633"}}